Wall time,Step,Value
1751711293.7296994,15360,-3.0320053100585938
1751711478.5471854,48640,1.8635400533676147
1751711562.3552299,64000,0.6480623483657837
1751711778.380223,104960,1.0787458419799805
1751711809.053209,110080,0.6129509806632996
1751711853.3078578,117760,1.2587624788284302
1751711882.7463903,122880,1.3679395914077759
1751711980.2322767,138240,2.552809238433838
1751712021.1937747,145920,2.7427995204925537
1751712238.5424657,184320,3.3908095359802246
1751712278.2615,192000,3.256420135498047
1751712551.674093,243200,3.332954168319702
1751712661.6356936,263680,3.9875690937042236
1751712702.2360573,271360,3.686509609222412
1751712715.970583,273920,3.9514589309692383
1751712809.5929687,291840,4.1071977615356445
1751712997.0534763,325120,3.4547171592712402
1751713177.8102822,358400,2.802980899810791
1751713334.917714,386560,2.921806812286377
1751713412.206134,399360,3.3182168006896973
1751713451.9155447,407040,2.2394790649414062
1751713574.1668172,430080,2.5723068714141846
1751713588.1137784,432640,2.5723068714141846
1751713723.6518857,458240,3.7048327922821045
1751713789.230967,471040,4.445465087890625
1751713816.0233328,476160,4.113095283508301
1751713829.943225,478720,5.107875823974609
1751713887.4742799,488960,5.498352527618408
1751714006.4810236,509440,5.573940277099609
1751714120.3515248,529920,5.506046772003174
1751714132.3194885,532480,5.506046772003174
1751714194.288191,545280,5.022058010101318
1751714360.0494616,573440,3.940199375152588
1751714452.3555274,588800,1.9569870233535767
1751714521.4949706,601600,1.573896050453186
1751714566.8715937,609280,1.9318726062774658
1751714734.8906004,640000,3.731229066848755
1751714822.311408,655360,5.213619232177734
1751714888.323824,668160,5.420442581176758
1751714987.0952728,686080,6.076633453369141
1751715036.4306338,696320,5.961203098297119
1751715064.4381018,701440,5.413556098937988
1751715312.7446473,750080,4.155750274658203
1751715383.6433036,762880,3.1254754066467285
1751715397.9547768,765440,3.2243499755859375
1751715465.0101376,778240,2.494265079498291
1751715533.8093944,791040,3.2332565784454346
1751715561.0904305,796160,3.9207262992858887
1751715671.553804,816640,5.539743423461914
1751715686.3895702,819200,5.8502726554870605
1751715781.6370456,837120,6.932648181915283
1751715832.7749765,847360,7.641948223114014
1751715971.7291138,870400,8.375316619873047
1751716078.6067588,890880,8.319576263427734
1751716290.1864967,931840,6.219980239868164
1751716350.4595184,942080,7.478916168212891
1751716486.8316782,967680,7.11090087890625
1751716519.7350779,972800,6.983790874481201
1751717135.175668,1080320,6.0923590660095215
1751717150.5050256,1082880,6.207612991333008
1751717258.2846882,1103360,7.348494529724121
1751717388.0277698,1126400,6.996436595916748
1751717418.661,1131520,7.303301811218262
1751717434.4650474,1134080,7.715185642242432
1751717472.4945738,1141760,7.865408420562744
1751717547.7022846,1157120,8.21352767944336
1751717672.0223098,1180160,9.048510551452637
1751717713.9864957,1187840,9.203598976135254
1751717726.406633,1190400,9.157513618469238
1751717854.1568131,1216000,9.127549171447754
1751718112.5910327,1259520,9.258213996887207
1751718143.23807,1264640,9.63502311706543
1751718358.8664298,1300480,8.993197441101074
1751718430.067909,1313280,8.19666862487793
1751718461.222799,1318400,7.730989456176758
1751718508.8467195,1326080,6.927559852600098
1751718623.5834472,1346560,6.286046028137207
1751718714.9067676,1361920,7.585504531860352
1751718740.2623835,1367040,8.558562278747559
1751718784.0560827,1374720,8.471293449401855
1751718873.4404652,1390080,8.818780899047852
1751718940.5918636,1402880,8.406639099121094
1751719072.7817245,1428480,8.393688201904297
1751719160.702942,1443840,9.759757995605469
1751719252.358507,1459200,8.655482292175293
1751719307.9722967,1469440,9.723970413208008
1751719389.972447,1484800,9.7850980758667
1751719416.4982333,1489920,9.224634170532227
1751719456.8605213,1497600,9.92251205444336
1751719485.681846,1502720,9.188982963562012
1751719500.2768793,1505280,9.020309448242188
1751719572.7864363,1518080,8.618195533752441
1751719586.030447,1520640,8.59614372253418
1751719717.3279295,1543680,8.90064525604248
1751719812.6437793,1559040,9.066975593566895
1751719839.1675928,1564160,9.211687088012695
1751719915.834806,1576960,9.325735092163086
1751719981.8073215,1589760,9.453102111816406
1751720008.5993574,1594880,9.69195556640625
1751720175.0570602,1625600,9.418425559997559
1751720275.773423,1643520,9.655410766601562
1751720288.3883617,1646080,9.888967514038086
1751720320.4869916,1651200,9.438582420349121
1751720353.572692,1656320,9.156940460205078
1751720370.20686,1658880,8.37934398651123
1751720403.4720268,1664000,8.5120210647583
1751720569.9165335,1694720,7.1677985191345215
1751720612.6770792,1702400,7.491134166717529
1751720672.1218855,1712640,8.258835792541504
1751720709.959324,1720320,8.543620109558105
1751720752.2202475,1728000,8.516565322875977
1751720810.09863,1738240,9.075150489807129
1751720822.5546472,1740800,8.790658950805664
1751720877.4036546,1751040,8.271689414978027
1751720947.469858,1763840,8.462642669677734
1751721109.9061449,1792000,8.84242057800293
1751721173.3249788,1802240,7.1424384117126465
1751721216.2714324,1809920,7.955860137939453
1751721331.3360634,1830400,7.243955612182617
1751721395.837966,1840640,7.345307350158691
1751721441.9304285,1848320,7.675835132598877
1751721459.790432,1850880,8.182099342346191
1751721475.6837516,1853440,7.856887340545654
1751721585.1765747,1871360,9.13720703125
1751721673.9135764,1886720,8.044169425964355
1751721705.1854086,1891840,8.034213066101074
1751721720.1859405,1894400,8.27305793762207
1751721782.1968236,1904640,7.152445316314697
1751721836.7958643,1914880,6.943995475769043
1751721893.3935666,1925120,7.559230804443359
1751721905.9950707,1927680,7.52580451965332
1751721963.2514465,1937920,9.025618553161621
1751722097.4840605,1960960,9.130593299865723
1751722156.8757107,1971200,9.923301696777344
1751722172.1492424,1973760,9.78154182434082
1751722185.6710956,1976320,8.787008285522461
1751722214.9177992,1981440,8.776007652282715
1751722229.9189944,1984000,8.98496150970459
1751722323.7037568,1999360,8.479022026062012
1751722388.0257628,2009600,7.55817985534668
1751722402.7427433,2012160,7.315731525421143
1751722434.6380296,2017280,7.646058082580566
1751722466.681671,2022400,7.85324239730835
1751722515.3342855,2030080,7.19957160949707
1751722531.1632748,2032640,7.19957160949707
1751722547.3143222,2035200,7.659251689910889
1751722610.627435,2045440,7.626556396484375
1751722666.416317,2055680,8.474458694458008
1751722748.5572565,2068480,7.989217758178711
1751722765.0231688,2071040,8.180570602416992
1751722781.9171846,2073600,8.362598419189453
1751723099.5499814,2132480,7.845268249511719
1751723154.4855964,2142720,8.069916725158691
1751723181.47327,2147840,8.164384841918945
1751723246.5142078,2160640,6.2627763748168945
1751723582.37769,2222080,6.829598903656006
1751723609.2254932,2227200,6.116778373718262
1751723673.5893216,2240000,5.884298324584961
1751723700.599868,2245120,5.78955602645874
1751723758.8817255,2255360,5.433274269104004
1751723787.4903908,2260480,5.97554874420166
1751723908.7979522,2280960,6.485070705413818
1751723997.35019,2296320,7.237099647521973
1751724058.378196,2306560,6.2971906661987305
1751724165.6715686,2324480,6.473697185516357
1751724196.4939525,2329600,5.750464916229248
1751724273.7001894,2344960,6.27347469329834
1751724300.0979965,2350080,4.840155601501465
1751724338.436876,2357760,5.8047332763671875
1751724378.5831592,2365440,6.031861305236816
1751724484.800923,2385920,6.784894943237305
1751724498.9308336,2388480,6.96756649017334
1751724538.8234305,2396160,6.7898712158203125
1751724644.8919237,2414080,5.526170253753662
1751724691.1084623,2421760,6.416196823120117
1751724824.5327811,2444800,8.180781364440918
1751724887.4981291,2455040,8.05844783782959
1751724929.711813,2462720,7.872951030731201
1751724941.9055667,2465280,7.977932453155518
1751725082.94959,2488320,8.550946235656738
1751725097.2218711,2490880,8.491955757141113
1751725150.121874,2501120,8.69683837890625
1751725182.3678107,2506240,8.64094066619873
1751725199.2058358,2508800,8.998754501342773
1751725254.9748185,2519040,8.919161796569824
1751725266.913065,2521600,8.899601936340332
1751725303.094374,2529280,8.43155288696289
1751725314.7916028,2531840,8.794132232666016
1751725416.1878273,2552320,9.183571815490723
1751725473.9862118,2562560,9.207928657531738
1751725504.2180514,2567680,9.67257022857666
1751725532.3266969,2572800,9.984535217285156
1751725545.6633132,2575360,10.028489112854004
1751725667.8777778,2598400,9.356439590454102
1751725708.7276914,2606080,7.935061454772949
1751725823.3227305,2626560,7.1120123863220215
1751725849.342659,2631680,7.236670970916748
1751725922.634115,2644480,6.659246444702148
1751725992.3904948,2657280,5.383342742919922
1751726095.3733218,2675200,5.354982852935791
1751726282.4376123,2708480,7.801931858062744
1751726361.9986937,2723840,9.263888359069824
1751726409.2855256,2731520,8.014466285705566
1751726439.9575973,2736640,8.28350830078125
1751726502.350678,2746880,8.105874061584473
1751726560.854094,2757120,7.484703063964844
1751726592.8033123,2762240,7.596262454986572
1751726667.7338219,2775040,8.381735801696777
1751726680.2490466,2777600,8.384798049926758
1751726804.3228378,2800640,7.96352481842041
1751726885.0919616,2816000,7.572794437408447
1751726935.577538,2826240,7.274814128875732
1751726950.272445,2828800,7.274814128875732
1751727098.30781,2854400,7.866156101226807
1751727172.0493405,2867200,9.218338966369629
1751727363.3248844,2903040,9.18010425567627
1751727389.8950305,2908160,8.646174430847168
1751727672.4368715,2959360,6.920104503631592
1751727684.8506799,2961920,6.920104503631592
1751727736.0323691,2972160,7.274451732635498
1751727751.1508157,2974720,7.420060634613037
1751727767.70294,2977280,6.543449878692627
1751728020.5226753,3023360,7.272148132324219
1751728095.2779636,3036160,7.420380115509033
1751728183.1891456,3054080,7.939741611480713
1751728195.3275726,3056640,7.985363483428955
1751728270.751417,3072000,8.693558692932129
1751728296.4620242,3077120,7.592374324798584
1751728361.092267,3089920,8.74450969696045
1751728388.9586542,3095040,8.58858871459961
1751728715.9570303,3156480,7.894057750701904
1751728740.7656293,3161600,7.4766740798950195
1751728765.7698822,3166720,7.900365352630615
1751728883.4218442,3187200,7.985114097595215
1751728928.8950312,3194880,8.031723976135254
1751729044.4411154,3215360,7.437010288238525
1751729085.9921575,3223040,8.283329010009766
1751729126.3141758,3230720,6.713855266571045
1751729307.283333,3264000,6.703315258026123
1751729397.8918371,3281920,7.144704341888428
1751729480.1393776,3297280,8.232902526855469
1751729560.578236,3312640,8.237753868103027
1751729573.7549114,3315200,8.194607734680176
1751729661.107007,3330560,7.195545673370361
1751729799.3220203,3356160,5.551407814025879
1751729875.4984732,3368960,7.1055426597595215
1751729889.5214865,3371520,7.043412685394287
1751729933.2955344,3379200,6.982109546661377
1751730011.2631662,3394560,7.793287754058838
1751730043.1491907,3399680,7.5502610206604
1751730091.5137503,3407360,6.659745216369629
1751730133.357611,3415040,6.288787364959717
1751730174.6216142,3422720,6.919674396514893
1751730187.587977,3425280,6.517963409423828
1751730431.3539762,3471360,7.579339027404785
1751730640.848031,3509760,7.944830417633057
1751730851.9498825,3548160,8.754526138305664
1751730900.189304,3555840,7.854297161102295
1751730915.67875,3558400,7.7929887771606445
1751730941.4209003,3563520,7.811188220977783
1751730953.8916276,3566080,8.053914070129395
1751731247.9588058,3619840,8.006529808044434
1751731263.7791123,3622400,7.935866355895996
1751731345.6237059,3635200,7.215445518493652
1751731387.3870704,3642880,7.391462326049805
1751731443.6835163,3653120,6.583827018737793
1751731468.6414835,3658240,6.669137954711914
1751731520.8762755,3668480,6.53912878036499
1751731575.0137272,3678720,6.91632604598999
1751731635.5863836,3688960,6.741354465484619
1751732013.2706769,3752960,7.361086845397949
1751732028.823506,3755520,7.2601799964904785
1751732203.5252304,3783680,7.82639741897583
1751732309.281742,3804160,7.836942195892334
1751732321.5667894,3806720,7.2920708656311035
1751732360.9024851,3814400,6.689011573791504
1751732386.814812,3819520,6.785074234008789
1751732398.8812823,3822080,7.04523229598999
1751732529.1486456,3845120,7.252987384796143
1751732629.5190105,3863040,7.44211483001709
1751732825.4569268,3901440,6.328733444213867
1751732837.860286,3904000,6.4896626472473145
1751732880.5842917,3911680,7.801867961883545
1751733128.491232,3960320,7.486352443695068
1751733193.5787313,3973120,7.935549259185791
1751733210.3289683,3975680,7.082708835601807
1751733241.9076397,3980800,7.031280517578125
1751733330.1598814,3998720,7.315737724304199
1751733422.750155,4016640,7.825007915496826
1751733439.0582912,4019200,8.269838333129883
1751733569.9450693,4042240,8.013531684875488
1751733625.4554286,4052480,7.026427745819092
1751733652.3343956,4057600,8.077747344970703
1751733703.1789582,4067840,7.758761882781982
1751733823.037438,4090880,8.77534008026123
1751733926.6290653,4108800,7.549019813537598
1751733940.1271899,4111360,7.374654769897461
1751734006.381613,4124160,8.471220016479492
1751734113.4033973,4144640,9.69294548034668
1751734224.698598,4167680,8.905440330505371
1751734236.5858874,4170240,9.297751426696777
1751734283.9908674,4180480,7.166259765625
1751734347.0539842,4193280,6.6831583976745605
1751734388.1249833,4200960,6.828808784484863
1751734416.2467775,4206080,6.660250663757324
1751734455.5903919,4213760,7.152703762054443
1751734497.154653,4221440,6.822709560394287
1751734556.5461903,4231680,7.924446105957031
1751734679.2575111,4252160,8.3724365234375
1751734797.2907584,4272640,7.769240856170654
1751734853.2227407,4282880,7.29133415222168
1751734901.6262364,4290560,6.237267971038818
1751734916.63322,4293120,6.39574670791626
1751734994.2056863,4308480,4.564511299133301
1751735006.1375911,4311040,5.334410667419434
1751735104.6381354,4331520,4.640243053436279
1751735155.2581987,4341760,4.506038188934326
1751735167.8117669,4344320,4.566164970397949
1751735179.9659028,4346880,4.71824836730957
1751735208.837791,4352000,3.214547872543335
1751735246.2144744,4359680,3.3991947174072266
1751735349.8501751,4377600,4.722578525543213
1751735487.6343417,4400640,7.0055060386657715
1751735500.3510091,4403200,7.448299884796143
1751735623.3202016,4426240,8.533090591430664
1751735683.541401,4436480,9.952686309814453
1751735714.2081497,4441600,9.385626792907715
1751735762.726758,4449280,9.235210418701172
1751735833.8026383,4462080,8.793087005615234
1751735845.8228521,4464640,8.437078475952148
1751735871.9769104,4469760,8.500811576843262
1751735885.1853144,4472320,8.53931713104248
1751735899.3460424,4474880,8.153386116027832
1751735965.3175223,4487680,7.8183674812316895
1751736164.0372643,4523520,7.0247673988342285
1751736300.4638886,4546560,6.763520240783691
1751736384.014487,4561920,7.196963310241699
1751736484.324871,4579840,7.432041168212891
1751736499.5064907,4582400,7.673745155334473
1751736626.5326505,4605440,6.929300308227539
1751736719.782928,4623360,6.1903181076049805
1751736876.9977942,4654080,6.8170695304870605
1751736985.7434716,4672000,7.444583415985107
1751737012.2084208,4677120,8.326460838317871
1751737070.6321754,4687360,8.489895820617676
1751737220.9719813,4712960,8.692877769470215
1751737236.2188962,4715520,8.264673233032227
1751737279.4502287,4723200,8.882452964782715
1751737347.278438,4736000,7.890583038330078
1751737398.2034535,4746240,8.278918266296387
1751737577.2984576,4779520,7.8069167137146
1751737618.7937949,4787200,7.883064270019531
1751737698.5130475,4802560,6.731204032897949
1751737713.1149116,4805120,6.4314188957214355
1751737725.7952924,4807680,6.222306251525879
1751737965.0391223,4848640,8.057159423828125
1751738213.0424109,4894720,8.770303726196289
1751738300.4780872,4910080,9.073915481567383
1751738408.6535492,4928000,8.240718841552734
1751738496.2755344,4943360,8.953804016113281
1751738549.9057004,4953600,8.896886825561523
1751738575.2961273,4958720,8.684747695922852
1751738600.0967557,4963840,8.518119812011719
1751738679.547338,4979200,8.602598190307617
1751738718.306256,4986880,8.545470237731934
1751738742.3053534,4992000,8.809696197509766
1751738781.1384006,4999680,7.944698810577393
1751738826.8701534,5007360,8.212601661682129
1751738865.9186137,5015040,7.681630611419678
1751738990.7426805,5038080,8.771225929260254
1751739022.279423,5043200,8.66666030883789
1751739183.050635,5073920,8.736193656921387
1751739199.6436715,5076480,7.278321266174316
1751739212.4108224,5079040,7.299115180969238
1751739409.9155664,5114880,7.847839832305908
1751739468.2039385,5125120,8.47411060333252
1751739525.0941842,5135360,8.20977783203125
1751739584.497564,5145600,8.193246841430664
1751739600.2958272,5148160,8.209883689880371
1751739649.9055755,5155840,8.61658000946045
1751739679.5735264,5160960,9.007610321044922
1751739704.7627048,5166080,9.102640151977539
1751739810.1432364,5186560,9.333826065063477
1751739840.4518666,5191680,9.439650535583496
1751739880.9996946,5199360,9.297811508178711
1751739924.562589,5207040,7.474970817565918
1751739965.3075695,5214720,7.726744174957275
1751739990.2195601,5219840,7.9153618812561035
1751740034.5675433,5227520,6.852247714996338
1751740309.8454487,5276160,6.586844444274902
1751740482.1142652,5306880,7.901113510131836
1751740495.321675,5309440,7.832395076751709
1751740507.4912608,5312000,7.822582244873047
1751740532.8708243,5317120,7.875034809112549
1751740546.1932597,5319680,8.08898639678955
1751740578.00127,5324800,8.664664268493652
1751740610.2061987,5329920,7.444980144500732
1751740668.2708728,5340160,7.271842956542969
1751740719.5778713,5350400,6.837258338928223
1751740785.8810802,5363200,6.663395404815674
1751740815.4129288,5368320,7.112473011016846
1751740911.1069689,5386240,8.865623474121094
1751740955.0159552,5393920,8.992202758789062
1751741021.271041,5406720,8.276966094970703
1751741070.531303,5416960,8.392786979675293
1751741140.829647,5429760,7.886120796203613
1751741165.4153407,5434880,8.278241157531738
1751741177.6798828,5437440,8.265908241271973
1751741326.345075,5465600,9.223909378051758
1751741382.6752698,5475840,9.332046508789062
1751741422.1739383,5483520,8.711688995361328
1751741463.9533155,5491200,8.927217483520508
1751741479.4425404,5493760,9.332159042358398
1751741527.1103156,5501440,8.63613510131836
1751741543.128097,5504000,8.44558048248291
1751741572.6942694,5509120,8.1563081741333
1751741643.6263442,5521920,8.92246150970459
1751741656.7941926,5524480,9.355802536010742
1751741754.0143862,5542400,8.67462158203125
1751741766.2454298,5544960,8.831296920776367
1751741816.9637358,5555200,9.105637550354004
1751741841.4754207,5560320,9.166922569274902
1751741867.436629,5565440,9.15881633758545
1751741918.978412,5575680,9.097801208496094
1751742053.1305764,5601280,10.216474533081055
1751742077.8136907,5606400,10.082252502441406
1751742108.029617,5611520,9.976629257202148
1751742121.409492,5614080,10.000082969665527
1751742176.4474206,5624320,10.996708869934082
1751742223.136371,5632000,9.142991065979004
1751742354.3351192,5652480,8.600686073303223
1751742405.995526,5662720,8.115702629089355
1751742595.9869287,5698560,8.383827209472656
1751742656.3436646,5708800,8.653364181518555
1751742684.9019728,5713920,8.594801902770996
1751742762.0257535,5726720,9.175981521606445
1751742775.8816564,5729280,9.170185089111328
1751742805.2635353,5734400,9.321451187133789
1751742837.3781588,5739520,9.273146629333496
1751742849.8649857,5742080,9.182967185974121
1751742876.3932033,5747200,9.689945220947266
1751742908.6293883,5752320,9.460336685180664
1751742923.1505446,5754880,9.606280326843262
1751743030.8191593,5772800,9.436189651489258
1751743075.731025,5780480,9.544858932495117
1751743152.121691,5793280,9.410892486572266
1751743368.7070162,5834240,8.354623794555664
1751743408.4797134,5841920,8.892502784729004
1751743548.4188116,5867520,9.045062065124512
1751743633.070082,5882880,8.656458854675293
1751743674.9659743,5890560,8.585288047790527
1751743715.601874,5898240,8.417956352233887
1751743758.345794,5905920,8.65794563293457
1751743771.998653,5908480,8.324352264404297
1751743786.2094436,5911040,8.121768951416016
1751743924.0578337,5936640,7.400241851806641
1751743939.7617261,5939200,7.64749002456665
1751743953.7705307,5941760,7.515571117401123
1751743979.663178,5946880,7.784722805023193
1751744132.1373565,5977600,7.384370803833008
1751744144.33433,5980160,7.851335048675537
1751744173.863344,5985280,8.471700668334961
1751744279.2181668,6005760,8.711657524108887
1751744403.8207574,6028800,8.543651580810547
1751744656.2471,6072320,8.444112777709961
1751744852.6150272,6108160,7.77609395980835
1751744900.8837385,6118400,7.980435371398926
1751744913.8862681,6120960,8.465258598327637
1751744941.4990413,6126080,8.103509902954102
1751745050.9947772,6146560,8.890108108520508
1751745084.1727374,6151680,9.031439781188965
1751745143.6310806,6161920,8.55681037902832
1751745285.19177,6187520,8.360527038574219
1751745401.7371624,6208000,8.44079303741455
1751745418.0459409,6210560,7.927407264709473
1751745596.6623263,6238720,6.686958312988281
1751745724.28642,6259200,7.066655158996582
1751745814.7906296,6274560,8.750805854797363
1751745830.886289,6277120,8.593059539794922
1751745859.6483088,6282240,8.182506561279297
1751745891.6265073,6287360,8.312898635864258
1751745972.7300043,6300160,7.323424816131592
1751746218.335462,6348800,6.424607753753662
1751746301.4165506,6364160,6.718743324279785
1751746317.1169615,6366720,6.737054824829102
1751746465.6380699,6392320,6.8229146003723145
1751746492.4992886,6397440,7.866147041320801
1751746535.2245655,6405120,7.5376811027526855
1751746549.596235,6407680,7.668283462524414
1751746562.0157437,6410240,7.5140886306762695
1751746710.1364987,6438400,8.5571928024292
1751746752.4545074,6446080,8.738472938537598
1751746827.984483,6461440,7.880309581756592
1751746892.449221,6474240,7.775419235229492
1751746918.5939622,6479360,7.501828670501709
1751746950.229344,6484480,7.74719762802124
1751746983.200416,6489600,8.053744316101074
1751747112.011219,6512640,9.691840171813965
1751747162.6937768,6522880,9.53237247467041
1751747217.7132053,6533120,7.594362258911133
1751747243.2623336,6538240,6.932137966156006
1751747289.2229922,6545920,7.148870468139648
1751747427.3595066,6568960,8.05929946899414
1751747442.8791304,6571520,8.500299453735352
1751747591.5210087,6597120,9.302223205566406
1751747624.2347646,6602240,7.714288234710693
1751747821.1869607,6632960,7.922508716583252
1751747837.703872,6635520,7.921037197113037
1751747854.0752206,6638080,7.815541744232178
1751747915.8710544,6648320,9.491089820861816
1751747981.027534,6658560,9.001431465148926
1751748070.9027672,6673920,9.306748390197754
1751748087.440884,6676480,9.069937705993652
1751748133.9479692,6684160,9.095499038696289
1751748237.476753,6704640,7.812100887298584
1751748312.123432,6717440,7.645446300506592
1751748356.8838189,6725120,7.196466445922852
1751748400.0429084,6732800,7.513469219207764
1751748412.2961419,6735360,7.436105728149414
1751748505.8105972,6750720,6.531306743621826
1751748538.1200914,6755840,5.830355167388916
1751748631.8385708,6771200,6.236018657684326
1751748718.373779,6786560,6.223803520202637
1751748780.643414,6799360,6.6389336585998535
1751749052.236899,6848000,6.950148582458496
1751749107.095818,6858240,8.13354206085205
1751749132.3481236,6863360,7.7208662033081055
1751749198.4038851,6876160,7.899183750152588
1751749263.362843,6888960,8.379473686218262
1751749447.8919184,6922240,8.22031307220459
1751749503.48699,6932480,7.704209804534912
1751749543.3182433,6940160,8.699308395385742
1751749737.5235803,6978560,6.99366569519043
1751749905.6815362,7006720,5.2380595207214355
1751749921.6045685,7009280,5.31926155090332
1751749961.8117816,7016960,5.175102710723877
1751750051.0538008,7032320,5.238962173461914
1751750162.210404,7050240,6.333053112030029
1751750178.2302635,7052800,6.407035827636719
1751750193.2476375,7055360,6.711533546447754
1751750207.092924,7057920,6.983603477478027
1751750222.7699323,7060480,6.774770259857178
1751750238.8277447,7063040,7.3332719802856445
1751750364.0224607,7083520,7.304172515869141
1751750712.4234002,7142400,8.245844841003418
1751750728.384892,7144960,8.073531150817871
1751750741.1953816,7147520,8.304652214050293
1751750833.9510295,7165440,8.329894065856934
1751750983.0626955,7193600,8.883828163146973
1751751011.1122892,7198720,8.329686164855957
1751751181.5713441,7229440,7.499919414520264
1751751196.6664753,7232000,7.508331298828125
1751751243.9043052,7239680,7.748437881469727
1751751275.784096,7244800,7.92848014831543
1751751290.2217617,7247360,7.9853925704956055
1751751315.8027828,7252480,7.757571697235107
1751751574.6472838,7301120,6.383645534515381
1751751643.0052307,7313920,6.275590896606445
1751751683.1433358,7321600,7.31936502456665
1751751728.5428786,7329280,6.390206813812256
1751751842.767445,7352320,7.326292037963867
1751751854.7907836,7354880,7.343918800354004
1751751935.9687161,7370240,7.4249114990234375
1751751967.3738048,7375360,7.318037986755371
1751751983.3711932,7377920,7.261758327484131
1751752061.3954163,7393280,8.556023597717285
1751752104.2023983,7400960,7.034913063049316
1751752180.3154292,7416320,8.187662124633789
1751752211.9223056,7421440,9.469563484191895
1751752241.8225706,7426560,8.115056037902832
1751752285.2128043,7434240,9.127927780151367
1751752476.8426712,7470080,9.59632682800293
1751752507.5268211,7475200,8.116601943969727
1751752523.3305416,7477760,8.168709754943848
1751752538.7731454,7480320,8.229971885681152
1751752688.2696905,7508480,8.291872024536133
1751752822.8611732,7534080,7.522030830383301
1751752935.1524513,7554560,6.573033809661865
1751753176.1791546,7598080,7.955817222595215
1751753289.717598,7616000,8.392428398132324
1751753304.4828415,7618560,8.27513313293457
1751753351.7985125,7626240,8.224220275878906
1751753495.535574,7651840,8.348006248474121
1751753586.4927976,7667200,8.349456787109375
1751753650.2405407,7677440,8.100869178771973
1751753725.1435704,7690240,7.376236915588379
1751753751.3144066,7695360,7.783970832824707
1751753779.6371796,7700480,6.8254265785217285
1751753809.4789064,7705600,6.390915870666504
1751753834.4053824,7710720,6.814327239990234
1751753894.3259542,7720960,6.3706560134887695
1751753909.8910897,7723520,6.995626449584961
1751753951.195075,7731200,6.610049724578857
1751754032.2867367,7746560,6.909170627593994
1751754062.845526,7751680,7.45457649230957
1751754110.4807413,7759360,7.864715099334717
1751754231.9088984,7779840,9.143094062805176
1751754262.602606,7784960,9.24107551574707
1751754278.5992405,7787520,9.198373794555664
1751754295.139851,7790080,9.710677146911621
1751754395.2433164,7810560,9.004107475280762
1751754605.0019488,7848960,8.460369110107422
1751754635.3695383,7854080,8.255752563476562
1751754665.8892639,7859200,8.237081527709961
1751754692.6408837,7864320,8.364547729492188
1751754719.6316752,7869440,8.763469696044922
1751754846.2738469,7892480,8.913965225219727
1751754903.266031,7902720,8.453926086425781
1751755088.1195157,7936000,7.151551246643066
1751755147.2425313,7946240,7.692596912384033
1751755422.5793295,7994880,6.278703212738037
1751755635.6304498,8033280,6.963254928588867
1751755650.3873684,8035840,7.451938152313232
1751755733.9864528,8051200,7.558006763458252
1751755747.3553538,8053760,7.129156112670898
1751755773.5198796,8058880,6.645349979400635
1751755813.9633398,8066560,7.0781965255737305
1751755879.9911294,8079360,7.170931816101074
1751755936.809973,8089600,7.128649711608887
1751755968.0070128,8094720,7.91870641708374
1751756197.9294863,8135680,7.9089674949646
1751756292.0831618,8153600,8.7178373336792
1751756357.7728314,8163840,8.993762969970703
1751756471.6596274,8181760,8.306828498840332
1751756488.194392,8184320,8.312664985656738
1751756601.6401508,8202240,7.11754035949707
1751756647.1095514,8209920,7.180826663970947
1751756984.700604,8271360,7.487922668457031
1751757030.1275637,8279040,6.432247638702393
1751757140.0661523,8296960,8.791606903076172
1751757185.008945,8304640,8.428423881530762
1751757197.5801473,8307200,8.30663013458252
1751757225.4559147,8312320,8.693115234375
1751757239.21263,8314880,8.993291854858398
1751757341.0870528,8332800,7.932599067687988
1751757538.4454336,8366080,8.219941139221191
1751757618.7397673,8378880,7.168445587158203
1751757746.7720172,8401920,7.384585857391357
1751757774.400706,8407040,7.693874359130859
1751757799.8643324,8412160,7.719792366027832
1751757859.5950627,8422400,9.268383979797363
1751757898.7014608,8430080,9.215320587158203
1751758081.2042272,8463360,9.33149528503418
1751758106.6124141,8468480,9.339513778686523
1751758189.3509488,8483840,8.740991592407227
1751758313.7379162,8504320,9.461902618408203
1751758409.248338,8519680,9.011232376098633
1751758423.8829663,8522240,9.547093391418457
1751758436.3994555,8524800,9.144370079040527
1751758495.8296392,8535040,8.078387260437012
1751758565.427712,8547840,8.815187454223633
1751758681.5121033,8565760,7.937756538391113
1751758813.7994947,8586240,7.59692907333374
1751758875.6086373,8596480,6.889714241027832
1751758936.6922026,8606720,6.173618316650391
1751758967.0178375,8611840,6.223045349121094
1751759057.567595,8627200,6.3164167404174805
1751759119.9594636,8640000,7.873875617980957
1751759148.4732585,8645120,8.508296012878418
1751759175.1840274,8650240,7.445804595947266
1751759220.248279,8657920,7.245607376098633
1751759291.6830673,8670720,8.154239654541016
1751759479.6243472,8701440,7.247110366821289
1751759548.2456598,8714240,7.638318061828613
1751759614.8866153,8727040,7.613874435424805
1751759863.187378,8773120,6.811172962188721
1751759915.2284198,8783360,6.145010471343994
1751759962.7296576,8791040,6.189381122589111
1751760042.1103706,8803840,6.307182312011719
1751760152.9065516,8821760,8.176889419555664
1751760212.5639315,8832000,7.949042320251465
1751760238.9434927,8837120,8.082104682922363
1751760327.8922324,8852480,7.646562576293945
1751760344.2427866,8855040,7.881943225860596
1751760421.1259925,8870400,8.015813827514648
1751760515.9573543,8888320,7.38863468170166
1751760605.5714748,8903680,7.306122303009033
1751760646.6438932,8911360,7.625677585601807
1751760732.9922535,8926720,7.995439529418945
1751760887.5418913,8954880,7.373436450958252
1751760915.6867564,8960000,7.4513702392578125
1751761078.0349746,8985600,7.373237133026123
1751761122.4055223,8993280,7.684376239776611
1751761148.1994026,8998400,7.6985578536987305
1751761217.8178608,9011200,8.239730834960938
1751761442.4578116,9052160,7.299662113189697
1751761468.1985254,9057280,7.9372782707214355
1751761537.0318887,9070080,8.005928993225098
1751761549.8315778,9072640,7.8307061195373535
1751761603.3985727,9082880,7.670249938964844
1751761633.3739405,9088000,7.9664201736450195
1751761725.4968317,9103360,7.6979780197143555
1751761740.2140443,9105920,8.145103454589844
1751761839.2182984,9123840,8.811872482299805
1751762009.7892766,9154560,6.149667739868164
1751762086.3710177,9167360,5.880020618438721
1751762242.9946792,9198080,7.018190383911133
1751762256.8538272,9200640,6.232157230377197
1751762338.9537697,9216000,7.452718734741211
1751762354.7939641,9218560,7.577891826629639
1751762569.418246,9254400,8.685935974121094
1751762632.4297342,9264640,8.71371841430664
1751762657.1520674,9269760,8.627032279968262
1751762684.5249522,9274880,9.48255729675293
1751762724.1845908,9282560,9.423749923706055
1751762770.5885296,9290240,9.561686515808105
1751762911.9892864,9313280,8.488598823547363
1751762994.6738427,9328640,7.870119571685791
1751763025.8298056,9333760,7.866957664489746
1751763169.8388128,9361920,7.935910224914551
1751763182.3587558,9364480,8.079533576965332
1751763268.8239655,9379840,8.600306510925293
1751763366.2296963,9397760,9.728971481323242
1751763697.391596,9459200,8.775720596313477
1751763780.9764278,9474560,9.988808631896973
1751763806.7667606,9479680,8.451210975646973
1751764105.6870599,9533440,7.409206390380859
1751764148.7425573,9541120,8.5753173828125
1751764213.7467248,9551360,7.251224040985107
1751764228.7362902,9553920,7.133647918701172
1751764243.9537034,9556480,7.556214809417725
1751764338.034372,9571840,7.590909481048584
1751764382.1337516,9579520,7.786336421966553
1751764408.7229073,9584640,8.24594783782959
1751764551.8149025,9607680,8.669095039367676
1751764654.174421,9625600,8.804286003112793
1751764721.6022828,9638400,8.907958984375
1751764841.407729,9658880,8.026593208312988
1751764897.5519984,9669120,7.56732702255249
1751764952.7595003,9679360,7.112091064453125
1751765133.4010305,9712640,7.938102722167969
1751765159.8735805,9717760,7.961254596710205
1751765206.4142654,9725440,7.376890182495117
1751765383.057922,9756160,8.51882553100586
1751765432.776972,9766400,8.6547212600708
1751765506.9180968,9779200,7.66748046875
1751765539.36228,9784320,7.674813270568848
1751765683.6867998,9809920,7.3482537269592285
1751765711.7411578,9815040,7.854240894317627
1751765741.0331724,9820160,7.915528297424316
1751765919.772674,9853440,7.720574378967285
1751765998.9339035,9868800,8.732912063598633
1751766157.3347058,9894400,8.667487144470215
1751766223.4823694,9907200,7.715781211853027
1751766331.6359475,9925120,7.570906162261963
1751766375.8017118,9932800,8.047626495361328
1751766408.0956564,9937920,8.652582168579102
1751766693.278795,9989120,7.446600914001465
1751766706.2539039,9991680,7.444077968597412
1751766718.3305988,9994240,7.41995096206665
1751766794.5553684,10007040,7.531388282775879
1751766824.3509495,10012160,7.178553104400635
1751766963.914284,10037760,6.950082302093506
1751767074.521183,10058240,7.121925354003906
1751767157.368525,10073600,7.160850524902344
1751767174.8669872,10076160,6.286691188812256
1751767226.9911532,10086400,6.371865272521973
1751767371.093542,10114560,6.988338947296143
1751767464.3468142,10129920,7.130637168884277
1751767556.7264895,10145280,8.296917915344238
1751767605.5122657,10152960,7.55497932434082
1751767829.6960819,10191360,7.413673400878906
1751767885.5825672,10201600,7.194995880126953
1751767997.8905122,10219520,7.589846134185791
1751768063.5373726,10229760,7.283263206481934
1751768136.734421,10242560,7.738431453704834
1751768201.031404,10255360,7.6792521476745605
1751768250.8203783,10265600,7.719553470611572
1751768266.3782787,10268160,7.916806697845459
1751768407.1635616,10296320,7.996645927429199
1751768423.4298494,10298880,7.772141456604004
1751768565.5304499,10327040,6.238771438598633
1751768591.0995195,10332160,6.940166473388672
1751768604.1458995,10334720,7.217219829559326
1751768700.735348,10352640,6.529921054840088
1751768725.9521027,10357760,6.960073471069336
1751768741.3218038,10360320,7.236844539642334
1751768755.6057749,10362880,7.3652777671813965
1751768769.7908022,10365440,7.534860134124756
1751768824.503304,10375680,7.005673408508301
1751768856.0420337,10380800,7.015346050262451
1751769176.9738266,10437120,5.285734176635742
1751769221.2231164,10444800,4.406628131866455
1751769402.8427787,10480640,3.1400182247161865
1751769471.0882437,10493440,3.6361615657806396
1751769483.8904307,10496000,3.086350202560425
1751769514.3340163,10501120,2.6963136196136475
1751769616.445759,10521600,4.8992815017700195
1751769679.7684674,10534400,5.4581685066223145
1751769772.8268142,10552320,7.5280632972717285
1751770154.7708862,10624000,3.5572521686553955
1751770254.3672125,10641920,3.684213399887085
1751770402.133365,10670080,4.446471214294434
1751770468.2461493,10682880,6.050055027008057
1751770599.5532582,10705920,6.3661909103393555
1751770614.4769263,10708480,6.8363938331604
1751770782.263505,10736640,7.889496803283691
1751770797.3110278,10739200,7.916292190551758
1751770828.298047,10744320,8.298945426940918
1751770855.7196422,10749440,7.556977272033691
1751770895.6518924,10757120,6.960015296936035
1751770908.0714757,10759680,7.634012699127197
1751770935.6384523,10764800,7.97519588470459
1751771235.3708048,10823680,7.986968517303467
1751771306.463198,10836480,8.825170516967773
1751771346.6726177,10844160,8.351150512695312
1751771386.5415654,10851840,7.680117607116699
1751771449.6960335,10864640,7.790848731994629
1751771596.91823,10892800,7.581589221954346
1751771716.970194,10915840,6.937582015991211
1751771757.4879339,10923520,7.050772190093994
1751771774.5609634,10926080,6.78330659866333
1751771910.695877,10949120,6.394170761108398
1751771998.5333464,10964480,5.291593074798584
1751772229.2416036,11005440,6.584376811981201
1751772310.9098253,11020800,8.058361053466797
1751772370.3930836,11031040,7.966930866241455
1751772415.348797,11038720,8.09554672241211
1751772494.1458836,11054080,8.378104209899902
1751772521.7542276,11059200,8.066511154174805
1751772660.5909894,11082240,7.204755783081055
1751772717.6429446,11092480,7.189234256744385
1751772800.0697377,11107840,7.346066951751709
1751772869.234306,11120640,8.191426277160645
1751772948.2878976,11136000,8.912001609802246
1751773002.6163547,11146240,8.70577335357666
1751773072.2744312,11159040,8.430840492248535
1751773175.507927,11176960,5.868062496185303
1751773236.7731156,11187200,6.490078926086426
1751773357.2182646,11210240,6.162116527557373
1751773394.885602,11217920,7.719164848327637
1751773560.7210445,11248640,7.769748687744141
1751773656.371126,11266560,5.958225727081299
1751773701.0777063,11274240,4.678216934204102
1751773731.5491748,11279360,4.050086975097656
1751773745.1473114,11281920,3.9224164485931396
1751773798.8455877,11292160,3.9882078170776367
1751773815.1087427,11294720,3.9316742420196533
1751773829.9457974,11297280,3.8692972660064697
1751773996.7480795,11328000,6.162769794464111
1751774084.075619,11343360,8.58680248260498
1751774099.286088,11345920,8.58680248260498
1751774127.5555763,11351040,8.166873931884766
1751774204.3293402,11366400,10.066511154174805
1751774243.5547175,11374080,9.928021430969238
1751774335.089248,11389440,9.597960472106934
1751774391.3022795,11399680,9.216559410095215
1751774496.4783313,11417600,9.857767105102539
1751774640.3670132,11443200,10.506486892700195
1751774727.4053624,11458560,9.252551078796387
1751774788.4497745,11468800,10.237687110900879
1751774831.128085,11476480,8.75330924987793
1751774935.6941404,11496960,9.76241683959961
1751774961.819796,11502080,8.122762680053711
1751775152.116338,11535360,7.085305690765381
1751775214.7855198,11545600,7.491659641265869
1751775230.5990438,11548160,7.207205295562744
1751775523.4714136,11596800,5.7179789543151855
1751775539.7570312,11599360,5.563943386077881
1751775585.2856429,11607040,5.948146820068359
1751775693.609815,11624960,6.925012111663818
1751775720.0588741,11630080,6.135451316833496
1751775834.2595296,11650560,6.471596717834473
1751775863.0519855,11655680,6.596860885620117
1751775878.4185514,11658240,6.774188995361328
1751776059.878164,11691520,6.180985450744629
1751776085.6811025,11696640,5.893113613128662
1751776098.978386,11699200,6.525933265686035
1751776236.2022161,11722240,5.7181549072265625
1751776277.2806838,11729920,5.512221336364746
1751776441.9182193,11758080,5.083579063415527
1751776481.1013734,11765760,5.30509090423584
1751776510.0493526,11770880,5.2895379066467285
1751776539.0818532,11776000,4.355748653411865
1751776717.717392,11806720,5.409708499908447
1751776966.5512269,11850240,5.356925010681152
1751777029.165517,11863040,5.846827507019043
1751777162.6709573,11888640,5.285581111907959
1751777242.6027455,11904000,4.582547664642334
1751777336.419291,11921920,5.762111663818359
1751777430.1111534,11937280,5.035848140716553
1751777462.4019291,11942400,5.341464996337891
1751777523.9908743,11952640,5.4752936363220215
1751777625.8453574,11970560,8.255156517028809
1751777639.8325856,11973120,8.328930854797363
1751777655.3600674,11975680,6.925326347351074
1751777799.1309533,12001280,9.342501640319824
1751778097.9206297,12055040,6.52100944519043
1751778170.124513,12067840,6.987674713134766
1751778241.5989337,12080640,7.7993597984313965
1751778328.2520647,12096000,9.670865058898926
1751778468.4712195,12121600,9.970856666564941
1751778541.1149478,12134400,9.415956497192383
1751778622.028138,12149760,9.065322875976562
1751778677.6438725,12160000,8.489961624145508
1751778690.6351686,12162560,8.562040328979492
1751778800.2007518,12183040,8.051796913146973
1751778841.316205,12190720,8.885149002075195
1751778855.471942,12193280,9.551326751708984
1751778881.7275002,12198400,9.458292007446289
1751778924.1934347,12206080,8.345085144042969
1751778938.013212,12208640,8.656895637512207
1751778951.2597234,12211200,8.989112854003906
1751779018.90773,12224000,9.256959915161133
1751779048.3221202,12229120,7.841238498687744
1751779096.8832407,12236800,9.312987327575684
1751779112.1356373,12239360,9.547467231750488
1751779127.6960962,12241920,9.585816383361816
1751779144.0745742,12244480,9.780383110046387
1751779177.0222569,12249600,9.808188438415527
1751779225.2924483,12257280,8.42399787902832
1751779241.4615753,12259840,8.476329803466797
1751779326.6681285,12275200,8.463685035705566
1751779411.7096114,12290560,9.684476852416992
1751779440.5685797,12295680,9.443248748779297
1751779484.4615257,12303360,7.771430969238281
1751779657.6293015,12334080,7.007804870605469
1751779773.7386172,12354560,5.909306526184082
1751779786.1872346,12357120,6.393149375915527
1751779798.4976692,12359680,6.7435808181762695
1751779877.582755,12375040,5.387004852294922
1751779969.6546793,12392960,6.959033966064453
1751780044.4560647,12405760,7.158799171447754
1751780139.1940346,12423680,8.987752914428711
1751780329.977086,12456960,8.494099617004395
1751780405.06996,12472320,9.132946968078613
1751780430.7472067,12477440,7.6609086990356445
1751780470.5028393,12485120,7.802346706390381
1751780564.5135288,12503040,7.108827114105225
1751780642.0821264,12518400,8.721147537231445
1751780691.7036207,12526080,7.962486743927002
1751780719.854646,12531200,8.070694923400879
1751780732.4311874,12533760,8.985894203186035
1751780877.058141,12556800,9.4581937789917
1751781033.549214,12582400,8.550847053527832
1751781047.3383594,12584960,8.0733060836792
1751781156.7826042,12605440,8.281448364257812
1751781321.1908925,12636160,10.61190128326416
1751781362.3565302,12643840,10.589189529418945
1751781400.848288,12651520,10.540964126586914
1751781588.7366543,12684800,9.85964298248291
1751781706.9131012,12705280,8.071303367614746
1751781822.645823,12725760,8.209763526916504
1751781836.6937926,12728320,8.082392692565918
1751781879.0018559,12736000,8.015298843383789
1751781904.9222844,12741120,9.147335052490234
1751781918.7672164,12743680,9.178264617919922
1751782108.6699078,12779520,7.334981918334961
1751782192.0144265,12794880,9.147867202758789
1751782217.716002,12800000,8.157207489013672
1751782429.7612264,12838400,9.868330955505371
1751782520.7089999,12856320,10.691853523254395
1751782597.8672829,12871680,10.556346893310547
1751782636.5514724,12879360,10.606666564941406
1751782652.5022023,12881920,10.544093132019043
1751782696.7420857,12889600,10.600982666015625
1751782741.0479991,12897280,10.584686279296875
1751782919.0637803,12930560,10.544551849365234
1751782950.2768843,12935680,10.52342414855957
1751782965.9689426,12938240,10.529651641845703
1751782981.5616024,12940800,10.53952693939209
1751783079.0267258,12956160,10.391192436218262
1751783156.6617785,12968960,9.998942375183105
1751783355.4986024,13002240,8.658390998840332
1751783576.0329194,13043200,8.735871315002441
1751783677.4142098,13061120,7.9339399337768555
1751783741.3849008,13073920,9.351972579956055
1751783757.9153166,13076480,8.00842571258545
1751783843.8910549,13091840,9.608012199401855
1751783974.3397098,13114880,10.180853843688965
1751784017.013362,13122560,10.308374404907227
1751784030.358855,13125120,10.543965339660645
1751784056.4115198,13130240,10.495158195495605
1751784135.042732,13145600,10.487037658691406
1751784151.706709,13148160,10.512435913085938
1751784186.2374938,13153280,10.600574493408203
1751784262.550739,13166080,10.590298652648926
1751784311.1797588,13173760,10.670980453491211
1751784540.9768856,13212160,9.34744644165039
1751784610.858669,13224960,9.790200233459473
1751784698.7794414,13240320,9.024608612060547
1751784812.2333176,13258240,8.967764854431152
1751784877.3541663,13268480,10.193835258483887
1751784927.6573238,13276160,10.164212226867676
1751785163.8239248,13314560,9.886946678161621
1751785272.9414275,13335040,9.820197105407715
1751785327.730346,13345280,9.55447769165039
1751785343.4010928,13347840,9.495992660522461
1751785596.7096765,13393920,8.448786735534668
1751785640.5077484,13401600,8.005280494689941
1751785655.6588004,13404160,8.02973747253418
1751785683.287273,13409280,8.055459022521973
1751785713.7996974,13414400,8.000069618225098
1751785729.949737,13416960,8.018145561218262
1751785794.8378615,13427200,7.763535499572754
1751785810.0790024,13429760,7.785208702087402
1751785959.9733388,13457920,8.60784912109375
1751786019.9572902,13468160,9.034137725830078
1751786048.2732863,13473280,9.29382038116455
1751786063.589686,13475840,7.837213039398193
